{
    "city": {
        "number_of_messages": 18476,
        "average": 0.4475876734718845,
        "median": 0.5068731904029846,
        "variance": 0.003638353245273417,
        "standard deviation": 0.060318763625205524,
        "min": 0.37824922800064087,
        "max": 0.5068731904029846
    },
    "cars": {
        "number_of_messages": 18476,
        "average": 0.4475876734718845,
        "median": 0.5068731904029846,
        "variance": 0.003638353245273417,
        "standard deviation": 0.060318763625205524,
        "min": 0.37824922800064087,
        "max": 0.5068731904029846
    },
    "house": {
        "number_of_messages": 18476,
        "average": 0.4475876734718845,
        "median": 0.5068731904029846,
        "variance": 0.003638353245273417,
        "standard deviation": 0.060318763625205524,
        "min": 0.37824922800064087,
        "max": 0.5068731904029846
    },
    "plants": {
        "number_of_messages": 18476,
        "average": 0.4475876734718845,
        "median": 0.5068731904029846,
        "variance": 0.003638353245273417,
        "standard deviation": 0.060318763625205524,
        "min": 0.37824922800064087,
        "max": 0.5068731904029846
    },
    "stores": {
        "number_of_messages": 18476,
        "average": 0.4475876734718845,
        "median": 0.5068731904029846,
        "variance": 0.003638353245273417,
        "standard deviation": 0.060318763625205524,
        "min": 0.37824922800064087,
        "max": 0.5068731904029846
    },
    "police": {
        "number_of_messages": 18476,
        "average": 0.4475876734718845,
        "median": 0.5068731904029846,
        "variance": 0.003638353245273417,
        "standard deviation": 0.060318763625205524,
        "min": 0.37824922800064087,
        "max": 0.5068731904029846
    },
    "hospitals": {
        "number_of_messages": 18476,
        "average": 0.4475876734718845,
        "median": 0.5068731904029846,
        "variance": 0.003638353245273417,
        "standard deviation": 0.060318763625205524,
        "min": 0.37824922800064087,
        "max": 0.5068731904029846
    }
}